{
  "AddToCart" : {
    "transaction" : "AddToCart",
    "sampleCount" : 169,
    "errorCount" : 0,
    "errorPct" : 0.0,
    "meanResTime" : 429.61538461538464,
    "medianResTime" : 409.0,
    "minResTime" : 363.0,
    "maxResTime" : 767.0,
    "pct1ResTime" : 507.0,
    "pct2ResTime" : 511.5,
    "pct3ResTime" : 731.3000000000006,
    "throughput" : 0.09306972023462382,
    "receivedKBytesPerSec" : 0.02754778961479599,
    "sentKBytesPerSec" : 0.049079735279977395
  },
  "SelectProductView" : {
    "transaction" : "SelectProductView",
    "sampleCount" : 200,
    "errorCount" : 0,
    "errorPct" : 0.0,
    "meanResTime" : 390.8700000000001,
    "medianResTime" : 407.0,
    "minResTime" : 330.0,
    "maxResTime" : 536.0,
    "pct1ResTime" : 411.0,
    "pct2ResTime" : 434.95,
    "pct3ResTime" : 517.97,
    "throughput" : 0.10982813544225319,
    "receivedKBytesPerSec" : 0.0816701964399759,
    "sentKBytesPerSec" : 0.048049809255985766
  },
  "PlaceOrderDeletecart" : {
    "transaction" : "PlaceOrderDeletecart",
    "sampleCount" : 132,
    "errorCount" : 0,
    "errorPct" : 0.0,
    "meanResTime" : 458.27272727272725,
    "medianResTime" : 471.5,
    "minResTime" : 371.0,
    "maxResTime" : 561.0,
    "pct1ResTime" : 511.0,
    "pct2ResTime" : 512.0,
    "pct3ResTime" : 545.4899999999994,
    "throughput" : 0.07269543092694936,
    "receivedKBytesPerSec" : 0.022151540372123503,
    "sentKBytesPerSec" : 0.032727142243480126
  },
  "LoginCheck" : {
    "transaction" : "LoginCheck",
    "sampleCount" : 311,
    "errorCount" : 0,
    "errorPct" : 0.0,
    "meanResTime" : 394.66881028938906,
    "medianResTime" : 407.0,
    "minResTime" : 327.0,
    "maxResTime" : 662.0,
    "pct1ResTime" : 426.0,
    "pct2ResTime" : 445.0,
    "pct3ResTime" : 512.64,
    "throughput" : 0.17078340710151454,
    "receivedKBytesPerSec" : 0.10302219017363895,
    "sentKBytesPerSec" : 0.07788657335586649
  },
  "LaunchEntries" : {
    "transaction" : "LaunchEntries",
    "sampleCount" : 621,
    "errorCount" : 0,
    "errorPct" : 0.0,
    "meanResTime" : 609.1739130434784,
    "medianResTime" : 597.0,
    "minResTime" : 528.0,
    "maxResTime" : 1381.0,
    "pct1ResTime" : 666.8000000000001,
    "pct2ResTime" : 712.9,
    "pct3ResTime" : 1008.0199999999998,
    "throughput" : 0.34095176603132143,
    "receivedKBytesPerSec" : 0.5232356904232084,
    "sentKBytesPerSec" : 0.1291887550978054
  },
  "Login" : {
    "transaction" : "Login",
    "sampleCount" : 473,
    "errorCount" : 0,
    "errorPct" : 0.0,
    "meanResTime" : 413.9260042283295,
    "medianResTime" : 406.0,
    "minResTime" : 347.0,
    "maxResTime" : 1441.0,
    "pct1ResTime" : 460.6,
    "pct2ResTime" : 489.4999999999998,
    "pct3ResTime" : 579.559999999999,
    "throughput" : 0.25974168606949877,
    "receivedKBytesPerSec" : 0.14408243795441067,
    "sentKBytesPerSec" : 0.12175391534507754
  },
  "Launch" : {
    "transaction" : "Launch",
    "sampleCount" : 1431,
    "errorCount" : 0,
    "errorPct" : 0.0,
    "meanResTime" : 453.92382948986733,
    "medianResTime" : 400.0,
    "minResTime" : 306.0,
    "maxResTime" : 1533.0,
    "pct1ResTime" : 612.0,
    "pct2ResTime" : 615.0,
    "pct3ResTime" : 706.4400000000005,
    "throughput" : 0.7667861052570663,
    "receivedKBytesPerSec" : 3.829563749577357,
    "sentKBytesPerSec" : 0.3347201064940514
  },
  "PlaceOrderCheck" : {
    "transaction" : "PlaceOrderCheck",
    "sampleCount" : 131,
    "errorCount" : 0,
    "errorPct" : 0.0,
    "meanResTime" : 395.3969465648855,
    "medianResTime" : 408.0,
    "minResTime" : 329.0,
    "maxResTime" : 588.0,
    "pct1ResTime" : 413.6,
    "pct2ResTime" : 432.9999999999999,
    "pct3ResTime" : 551.8400000000008,
    "throughput" : 0.07214864162282673,
    "receivedKBytesPerSec" : 0.04313460840223254,
    "sentKBytesPerSec" : 0.03290372620884774
  },
  "GoToCartCheck" : {
    "transaction" : "GoToCartCheck",
    "sampleCount" : 135,
    "errorCount" : 0,
    "errorPct" : 0.0,
    "meanResTime" : 398.9111111111111,
    "medianResTime" : 408.0,
    "minResTime" : 328.0,
    "maxResTime" : 912.0,
    "pct1ResTime" : 418.4,
    "pct2ResTime" : 441.79999999999995,
    "pct3ResTime" : 827.0399999999968,
    "throughput" : 0.07435210402685488,
    "receivedKBytesPerSec" : 0.044564469642311304,
    "sentKBytesPerSec" : 0.033908625566934796
  },
  "SelectProductCheck" : {
    "transaction" : "SelectProductCheck",
    "sampleCount" : 207,
    "errorCount" : 0,
    "errorPct" : 0.0,
    "meanResTime" : 394.57971014492716,
    "medianResTime" : 407.0,
    "minResTime" : 331.0,
    "maxResTime" : 514.0,
    "pct1ResTime" : 446.80000000000007,
    "pct2ResTime" : 463.2,
    "pct3ResTime" : 510.91999999999996,
    "throughput" : 0.11367286925148887,
    "receivedKBytesPerSec" : 0.0686719957688432,
    "sentKBytesPerSec" : 0.05184104486371611
  },
  "Total" : {
    "transaction" : "Total",
    "sampleCount" : 4074,
    "errorCount" : 0,
    "errorPct" : 0.0,
    "meanResTime" : 454.6298478154146,
    "medianResTime" : 409.0,
    "minResTime" : 306.0,
    "maxResTime" : 1533.0,
    "pct1ResTime" : 610.0,
    "pct2ResTime" : 615.0,
    "pct3ResTime" : 723.0,
    "throughput" : 2.1830094988241004,
    "receivedKBytesPerSec" : 4.957162302489617,
    "sentKBytesPerSec" : 0.961779822708175
  },
  "GoToCartViewcart" : {
    "transaction" : "GoToCartViewcart",
    "sampleCount" : 132,
    "errorCount" : 0,
    "errorPct" : 0.0,
    "meanResTime" : 415.24242424242425,
    "medianResTime" : 408.0,
    "minResTime" : 355.0,
    "maxResTime" : 1065.0,
    "pct1ResTime" : 479.7,
    "pct2ResTime" : 511.0,
    "pct3ResTime" : 887.7899999999933,
    "throughput" : 0.07270131655475069,
    "receivedKBytesPerSec" : 0.04448469895458811,
    "sentKBytesPerSec" : 0.03429173427338339
  },
  "GoToCartView" : {
    "transaction" : "GoToCartView",
    "sampleCount" : 132,
    "errorCount" : 0,
    "errorPct" : 0.0,
    "meanResTime" : 396.66666666666674,
    "medianResTime" : 408.0,
    "minResTime" : 333.0,
    "maxResTime" : 551.0,
    "pct1ResTime" : 432.0,
    "pct2ResTime" : 444.0,
    "pct3ResTime" : 549.02,
    "throughput" : 0.07269867391009818,
    "receivedKBytesPerSec" : 0.053611291997252876,
    "sentKBytesPerSec" : 0.03159268543944696
  }
}