{
  "Total" : {
    "transaction" : "Total",
    "sampleCount" : 4445,
    "errorCount" : 23,
    "errorPct" : 0.5174353,
    "meanResTime" : 5863.6686164229595,
    "medianResTime" : 4537.0,
    "minResTime" : 738.0,
    "maxResTime" : 31808.0,
    "pct1ResTime" : 11356.800000000001,
    "pct2ResTime" : 14289.599999999999,
    "pct3ResTime" : 22990.64,
    "throughput" : 74.35721574465948,
    "receivedKBytesPerSec" : 679.4536471053798,
    "sentKBytesPerSec" : 8.596409535539236
  },
  "HTTP Request" : {
    "transaction" : "HTTP Request",
    "sampleCount" : 4445,
    "errorCount" : 23,
    "errorPct" : 0.5174353,
    "meanResTime" : 5863.6686164229595,
    "medianResTime" : 4537.0,
    "minResTime" : 738.0,
    "maxResTime" : 31808.0,
    "pct1ResTime" : 11356.800000000001,
    "pct2ResTime" : 14289.599999999999,
    "pct3ResTime" : 22990.64,
    "throughput" : 74.35721574465948,
    "receivedKBytesPerSec" : 679.4536471053798,
    "sentKBytesPerSec" : 8.596409535539236
  }
}