{
  "AddToCart" : {
    "transaction" : "AddToCart",
    "sampleCount" : 62,
    "errorCount" : 0,
    "errorPct" : 0.0,
    "meanResTime" : 444.0322580645161,
    "medianResTime" : 415.0,
    "minResTime" : 373.0,
    "maxResTime" : 663.0,
    "pct1ResTime" : 510.7,
    "pct2ResTime" : 517.9499999999999,
    "pct3ResTime" : 663.0,
    "throughput" : 0.08143782419149972,
    "receivedKBytesPerSec" : 0.024107586754269248,
    "sentKBytesPerSec" : 0.04294572760098619
  },
  "SelectProductView" : {
    "transaction" : "SelectProductView",
    "sampleCount" : 62,
    "errorCount" : 0,
    "errorPct" : 0.0,
    "meanResTime" : 394.82258064516134,
    "medianResTime" : 406.0,
    "minResTime" : 336.0,
    "maxResTime" : 512.0,
    "pct1ResTime" : 430.20000000000005,
    "pct2ResTime" : 454.54999999999995,
    "pct3ResTime" : 512.0,
    "throughput" : 0.08144328000987829,
    "receivedKBytesPerSec" : 0.05963801171338271,
    "sentKBytesPerSec" : 0.03563143500432175
  },
  "PlaceOrderDeletecart" : {
    "transaction" : "PlaceOrderDeletecart",
    "sampleCount" : 60,
    "errorCount" : 0,
    "errorPct" : 0.0,
    "meanResTime" : 460.93333333333334,
    "medianResTime" : 459.5,
    "minResTime" : 391.0,
    "maxResTime" : 612.0,
    "pct1ResTime" : 513.9,
    "pct2ResTime" : 545.6999999999999,
    "pct3ResTime" : 612.0,
    "throughput" : 0.07880624303057289,
    "receivedKBytesPerSec" : 0.024011277173377674,
    "sentKBytesPerSec" : 0.035478201208099705
  },
  "LoginCheck" : {
    "transaction" : "LoginCheck",
    "sampleCount" : 68,
    "errorCount" : 0,
    "errorPct" : 0.0,
    "meanResTime" : 398.9558823529411,
    "medianResTime" : 407.0,
    "minResTime" : 328.0,
    "maxResTime" : 556.0,
    "pct1ResTime" : 440.30000000000007,
    "pct2ResTime" : 500.54999999999995,
    "pct3ResTime" : 556.0,
    "throughput" : 0.08933134176989034,
    "receivedKBytesPerSec" : 0.05358700232261489,
    "sentKBytesPerSec" : 0.04073997715482304
  },
  "LaunchEntries" : {
    "transaction" : "LaunchEntries",
    "sampleCount" : 131,
    "errorCount" : 0,
    "errorPct" : 0.0,
    "meanResTime" : 645.2519083969468,
    "medianResTime" : 627.0,
    "minResTime" : 538.0,
    "maxResTime" : 1321.0,
    "pct1ResTime" : 711.8,
    "pct2ResTime" : 772.3999999999999,
    "pct3ResTime" : 1197.8000000000027,
    "throughput" : 0.17201081961185954,
    "receivedKBytesPerSec" : 0.26552016039024134,
    "sentKBytesPerSec" : 0.06517597461855616
  },
  "Login" : {
    "transaction" : "Login",
    "sampleCount" : 107,
    "errorCount" : 0,
    "errorPct" : 0.0,
    "meanResTime" : 434.5794392523365,
    "medianResTime" : 408.0,
    "minResTime" : 363.0,
    "maxResTime" : 606.0,
    "pct1ResTime" : 508.0,
    "pct2ResTime" : 524.8,
    "pct3ResTime" : 606.0,
    "throughput" : 0.14056180055725528,
    "receivedKBytesPerSec" : 0.07746370475913356,
    "sentKBytesPerSec" : 0.06588834401121342
  },
  "Launch" : {
    "transaction" : "Launch",
    "sampleCount" : 1608,
    "errorCount" : 0,
    "errorPct" : 0.0,
    "meanResTime" : 393.8544776119401,
    "medianResTime" : 327.0,
    "minResTime" : 303.0,
    "maxResTime" : 1190.0,
    "pct1ResTime" : 597.0,
    "pct2ResTime" : 616.55,
    "pct3ResTime" : 711.9100000000001,
    "throughput" : 1.6000143284865236,
    "receivedKBytesPerSec" : 7.994425991750175,
    "sentKBytesPerSec" : 0.6984437547201915
  },
  "PlaceOrderCheck" : {
    "transaction" : "PlaceOrderCheck",
    "sampleCount" : 59,
    "errorCount" : 0,
    "errorPct" : 0.0,
    "meanResTime" : 394.0677966101695,
    "medianResTime" : 405.0,
    "minResTime" : 330.0,
    "maxResTime" : 529.0,
    "pct1ResTime" : 425.0,
    "pct2ResTime" : 460.0,
    "pct3ResTime" : 529.0,
    "throughput" : 0.07749351812691599,
    "receivedKBytesPerSec" : 0.04573985130438665,
    "sentKBytesPerSec" : 0.035341282192646255
  },
  "GoToCartCheck" : {
    "transaction" : "GoToCartCheck",
    "sampleCount" : 61,
    "errorCount" : 0,
    "errorPct" : 0.0,
    "meanResTime" : 400.7213114754099,
    "medianResTime" : 408.0,
    "minResTime" : 338.0,
    "maxResTime" : 511.0,
    "pct1ResTime" : 440.40000000000003,
    "pct2ResTime" : 456.4,
    "pct3ResTime" : 511.0,
    "throughput" : 0.08012957346108526,
    "receivedKBytesPerSec" : 0.047438390538405054,
    "sentKBytesPerSec" : 0.03654346758430353
  },
  "SelectProductCheck" : {
    "transaction" : "SelectProductCheck",
    "sampleCount" : 62,
    "errorCount" : 0,
    "errorPct" : 0.0,
    "meanResTime" : 405.7741935483871,
    "medianResTime" : 408.0,
    "minResTime" : 335.0,
    "maxResTime" : 561.0,
    "pct1ResTime" : 456.7,
    "pct2ResTime" : 473.65,
    "pct3ResTime" : 561.0,
    "throughput" : 0.08145183962921021,
    "receivedKBytesPerSec" : 0.04907663214050179,
    "sentKBytesPerSec" : 0.037146493268399576
  },
  "Total" : {
    "transaction" : "Total",
    "sampleCount" : 2402,
    "errorCount" : 0,
    "errorPct" : 0.0,
    "meanResTime" : 413.68526228143196,
    "medianResTime" : 358.5,
    "minResTime" : 303.0,
    "maxResTime" : 1321.0,
    "pct1ResTime" : 604.0,
    "pct2ResTime" : 631.8499999999999,
    "pct3ResTime" : 749.699999999998,
    "throughput" : 2.390071154866064,
    "receivedKBytesPerSec" : 8.565337315520736,
    "sentKBytesPerSec" : 1.0525961022287762
  },
  "GoToCartViewcart" : {
    "transaction" : "GoToCartViewcart",
    "sampleCount" : 61,
    "errorCount" : 0,
    "errorPct" : 0.0,
    "meanResTime" : 421.8852459016394,
    "medianResTime" : 408.0,
    "minResTime" : 363.0,
    "maxResTime" : 556.0,
    "pct1ResTime" : 506.0,
    "pct2ResTime" : 514.5,
    "pct3ResTime" : 556.0,
    "throughput" : 0.08014178526993987,
    "receivedKBytesPerSec" : 0.0484168569212942,
    "sentKBytesPerSec" : 0.037801252231817344
  },
  "GoToCartView" : {
    "transaction" : "GoToCartView",
    "sampleCount" : 61,
    "errorCount" : 0,
    "errorPct" : 0.0,
    "meanResTime" : 392.54098360655735,
    "medianResTime" : 407.0,
    "minResTime" : 335.0,
    "maxResTime" : 466.0,
    "pct1ResTime" : 430.0,
    "pct2ResTime" : 448.09999999999997,
    "pct3ResTime" : 466.0,
    "throughput" : 0.08013504725997254,
    "receivedKBytesPerSec" : 0.058597726989089806,
    "sentKBytesPerSec" : 0.03482431252996854
  }
}