{
  "AddToCart" : {
    "transaction" : "AddToCart",
    "sampleCount" : 726,
    "errorCount" : 0,
    "errorPct" : 0.0,
    "meanResTime" : 426.25895316804366,
    "medianResTime" : 408.0,
    "minResTime" : 364.0,
    "maxResTime" : 999.0,
    "pct1ResTime" : 509.0,
    "pct2ResTime" : 511.0,
    "pct3ResTime" : 668.8700000000003,
    "throughput" : 0.18172088173174492,
    "receivedKBytesPerSec" : 0.053783635727977355,
    "sentKBytesPerSec" : 0.09582937122572487
  },
  "SelectProductView" : {
    "transaction" : "SelectProductView",
    "sampleCount" : 727,
    "errorCount" : 0,
    "errorPct" : 0.0,
    "meanResTime" : 391.0811554332874,
    "medianResTime" : 407.0,
    "minResTime" : 327.0,
    "maxResTime" : 840.0,
    "pct1ResTime" : 419.0,
    "pct2ResTime" : 449.4000000000001,
    "pct3ResTime" : 511.0,
    "throughput" : 0.18197551315467694,
    "receivedKBytesPerSec" : 0.1327949372196995,
    "sentKBytesPerSec" : 0.07961428700517116
  },
  "PlaceOrderDeletecart" : {
    "transaction" : "PlaceOrderDeletecart",
    "sampleCount" : 724,
    "errorCount" : 0,
    "errorPct" : 0.0,
    "meanResTime" : 444.18784530386733,
    "medianResTime" : 412.0,
    "minResTime" : 356.0,
    "maxResTime" : 922.0,
    "pct1ResTime" : 511.0,
    "pct2ResTime" : 513.0,
    "pct3ResTime" : 637.5,
    "throughput" : 0.1814569084955919,
    "receivedKBytesPerSec" : 0.05529940013955139,
    "sentKBytesPerSec" : 0.0816910496254569
  },
  "LoginCheck" : {
    "transaction" : "LoginCheck",
    "sampleCount" : 729,
    "errorCount" : 0,
    "errorPct" : 0.0,
    "meanResTime" : 391.2043895747602,
    "medianResTime" : 407.0,
    "minResTime" : 328.0,
    "maxResTime" : 798.0,
    "pct1ResTime" : 427.0,
    "pct2ResTime" : 447.5,
    "pct3ResTime" : 511.70000000000005,
    "throughput" : 0.18247124638624332,
    "receivedKBytesPerSec" : 0.10959797543584096,
    "sentKBytesPerSec" : 0.0832168672484137
  },
  "LaunchEntries" : {
    "transaction" : "LaunchEntries",
    "sampleCount" : 800,
    "errorCount" : 0,
    "errorPct" : 0.0,
    "meanResTime" : 611.1987499999997,
    "medianResTime" : 604.0,
    "minResTime" : 527.0,
    "maxResTime" : 2528.0,
    "pct1ResTime" : 668.9,
    "pct2ResTime" : 716.0,
    "pct3ResTime" : 927.6900000000003,
    "throughput" : 0.2002182378792884,
    "receivedKBytesPerSec" : 0.30675917218518184,
    "sentKBytesPerSec" : 0.07586394169644914
  },
  "Login" : {
    "transaction" : "Login",
    "sampleCount" : 750,
    "errorCount" : 0,
    "errorPct" : 0.0,
    "meanResTime" : 413.196,
    "medianResTime" : 406.0,
    "minResTime" : 347.0,
    "maxResTime" : 2409.0,
    "pct1ResTime" : 465.0,
    "pct2ResTime" : 499.89999999999986,
    "pct3ResTime" : 610.49,
    "throughput" : 0.18773015717269373,
    "receivedKBytesPerSec" : 0.10505775588684227,
    "sentKBytesPerSec" : 0.08799851117470019
  },
  "Launch" : {
    "transaction" : "Launch",
    "sampleCount" : 1124,
    "errorCount" : 0,
    "errorPct" : 0.0,
    "meanResTime" : 497.48932384341623,
    "medianResTime" : 529.0,
    "minResTime" : 308.0,
    "maxResTime" : 1537.0,
    "pct1ResTime" : 616.0,
    "pct2ResTime" : 629.5,
    "pct3ResTime" : 864.75,
    "throughput" : 0.28042939628590724,
    "receivedKBytesPerSec" : 1.4024135289157886,
    "sentKBytesPerSec" : 0.12241400404277396
  },
  "PlaceOrderCheck" : {
    "transaction" : "PlaceOrderCheck",
    "sampleCount" : 724,
    "errorCount" : 0,
    "errorPct" : 0.0,
    "meanResTime" : 392.1560773480661,
    "medianResTime" : 408.0,
    "minResTime" : 327.0,
    "maxResTime" : 921.0,
    "pct1ResTime" : 422.0,
    "pct2ResTime" : 432.0,
    "pct3ResTime" : 497.5,
    "throughput" : 0.18146263899812573,
    "receivedKBytesPerSec" : 0.10888306612709102,
    "sentKBytesPerSec" : 0.08275688712121554
  },
  "GoToCartCheck" : {
    "transaction" : "GoToCartCheck",
    "sampleCount" : 724,
    "errorCount" : 0,
    "errorPct" : 0.0,
    "meanResTime" : 391.60773480663005,
    "medianResTime" : 408.0,
    "minResTime" : 331.0,
    "maxResTime" : 797.0,
    "pct1ResTime" : 430.0,
    "pct2ResTime" : 441.0,
    "pct3ResTime" : 510.0,
    "throughput" : 0.18145713588958987,
    "receivedKBytesPerSec" : 0.10897766698755841,
    "sentKBytesPerSec" : 0.08275437740277194
  },
  "SelectProductCheck" : {
    "transaction" : "SelectProductCheck",
    "sampleCount" : 728,
    "errorCount" : 0,
    "errorPct" : 0.0,
    "meanResTime" : 390.6442307692307,
    "medianResTime" : 407.0,
    "minResTime" : 330.0,
    "maxResTime" : 899.0,
    "pct1ResTime" : 414.0,
    "pct2ResTime" : 435.0999999999999,
    "pct3ResTime" : 510.71000000000004,
    "throughput" : 0.18222377079053076,
    "receivedKBytesPerSec" : 0.10955763247580529,
    "sentKBytesPerSec" : 0.08310400484294714
  },
  "Total" : {
    "transaction" : "Total",
    "sampleCount" : 9204,
    "errorCount" : 0,
    "errorPct" : 0.0,
    "meanResTime" : 433.7837896566699,
    "medianResTime" : 409.0,
    "minResTime" : 308.0,
    "maxResTime" : 2528.0,
    "pct1ResTime" : 591.0,
    "pct2ResTime" : 613.0,
    "pct3ResTime" : 712.0,
    "throughput" : 2.296327547522678,
    "receivedKBytesPerSec" : 2.7313881088268146,
    "sentKBytesPerSec" : 1.0361814247678287
  },
  "GoToCartViewcart" : {
    "transaction" : "GoToCartViewcart",
    "sampleCount" : 724,
    "errorCount" : 0,
    "errorPct" : 0.0,
    "meanResTime" : 410.3853591160223,
    "medianResTime" : 408.0,
    "minResTime" : 340.0,
    "maxResTime" : 992.0,
    "pct1ResTime" : 472.0,
    "pct2ResTime" : 481.75,
    "pct3ResTime" : 559.25,
    "throughput" : 0.18145913698134705,
    "receivedKBytesPerSec" : 0.11002668603797258,
    "sentKBytesPerSec" : 0.08559058902538147
  },
  "GoToCartView" : {
    "transaction" : "GoToCartView",
    "sampleCount" : 724,
    "errorCount" : 0,
    "errorPct" : 0.0,
    "meanResTime" : 393.64502762430914,
    "medianResTime" : 408.0,
    "minResTime" : 331.0,
    "maxResTime" : 790.0,
    "pct1ResTime" : 436.5,
    "pct2ResTime" : 448.0,
    "pct3ResTime" : 511.0,
    "throughput" : 0.18146086523247418,
    "receivedKBytesPerSec" : 0.1332094123550287,
    "sentKBytesPerSec" : 0.07885750491059669
  }
}